<?xml version="1.0" encoding="UTF-8"?>
<!DOCTYPE mapper PUBLIC "-//mybatis.org//DTD Mapper 3.0//EN" "http://mybatis.org/dtd/mybatis-3-mapper.dtd">
<mapper namespace="com.fic.service.mapper.AdminUserMapper">
  <resultMap id="BaseResultMap" type="com.fic.service.entity.AdminUser">
    <id column="id" jdbcType="INTEGER" property="id" />
    <result column="user_name" jdbcType="VARCHAR" property="userName" />
    <result column="password" jdbcType="VARCHAR" property="password" />
    <result column="created_time" jdbcType="TIMESTAMP" property="createdTime" />
    <result column="last_login_time" jdbcType="TIMESTAMP" property="lastLoginTime" />
  </resultMap>
  <sql id="Base_Column_List">
    id, user_name, password, created_time, last_login_time
  </sql>
  <select id="selectByPrimaryKey" parameterType="java.lang.Integer" resultMap="BaseResultMap">
    select 
    <include refid="Base_Column_List" />
    from admin_user
    where id = #{id,jdbcType=INTEGER}
  </select>
  <delete id="deleteByPrimaryKey" parameterType="java.lang.Integer">
    delete from admin_user
    where id = #{id,jdbcType=INTEGER}
  </delete>
  <insert id="insert" parameterType="com.fic.service.entity.AdminUser">
    insert into admin_user (id, user_name, password, 
      created_time, last_login_time)
    values (#{id,jdbcType=INTEGER}, #{userName,jdbcType=VARCHAR}, #{password,jdbcType=VARCHAR}, 
      #{createdTime,jdbcType=TIMESTAMP}, #{lastLoginTime,jdbcType=TIMESTAMP})
  </insert>
  <insert id="insertSelective" parameterType="com.fic.service.entity.AdminUser">
    insert into admin_user
    <trim prefix="(" suffix=")" suffixOverrides=",">
      <if test="id != null">
        id,
      </if>
      <if test="userName != null">
        user_name,
      </if>
      <if test="password != null">
        password,
      </if>
      <if test="createdTime != null">
        created_time,
      </if>
      <if test="lastLoginTime != null">
        last_login_time,
      </if>
    </trim>
    <trim prefix="values (" suffix=")" suffixOverrides=",">
      <if test="id != null">
        #{id,jdbcType=INTEGER},
      </if>
      <if test="userName != null">
        #{userName,jdbcType=VARCHAR},
      </if>
      <if test="password != null">
        #{password,jdbcType=VARCHAR},
      </if>
      <if test="createdTime != null">
        #{createdTime,jdbcType=TIMESTAMP},
      </if>
      <if test="lastLoginTime != null">
        #{lastLoginTime,jdbcType=TIMESTAMP},
      </if>
    </trim>
  </insert>
  <update id="updateByPrimaryKeySelective" parameterType="com.fic.service.entity.AdminUser">
    update admin_user
    <set>
      <if test="userName != null">
        user_name = #{userName,jdbcType=VARCHAR},
      </if>
      <if test="password != null">
        password = #{password,jdbcType=VARCHAR},
      </if>
      <if test="createdTime != null">
        created_time = #{createdTime,jdbcType=TIMESTAMP},
      </if>
      <if test="lastLoginTime != null">
        last_login_time = #{lastLoginTime,jdbcType=TIMESTAMP},
      </if>
    </set>
    where id = #{id,jdbcType=INTEGER}
  </update>
  <update id="updateByPrimaryKey" parameterType="com.fic.service.entity.AdminUser">
    update admin_user
    set user_name = #{userName,jdbcType=VARCHAR},
      password = #{password,jdbcType=VARCHAR},
      created_time = #{createdTime,jdbcType=TIMESTAMP},
      last_login_time = #{lastLoginTime,jdbcType=TIMESTAMP}
    where id = #{id,jdbcType=INTEGER}
  </update>

  <select id="findByUserName" parameterType="string" resultMap="BaseResultMap">
    select * from admin_user where user_name = #{username};
  </select>
</mapper>