<?xml version="1.0" encoding="UTF-8"?>
<!DOCTYPE mapper PUBLIC "-//mybatis.org//DTD Mapper 3.0//EN" "http://mybatis.org/dtd/mybatis-3-mapper.dtd">
<mapper namespace="com.fic.service.mapper.AdminLogMapper">
  <resultMap id="BaseResultMap" type="com.fic.service.entity.AdminLog">
    <result column="admin_id" jdbcType="INTEGER" property="adminId" />
    <result column="event" jdbcType="VARCHAR" property="event" />
    <result column="operation_time" jdbcType="TIMESTAMP" property="operationTime" />
  </resultMap>
  <insert id="insert" parameterType="com.fic.service.entity.AdminLog">
    insert into admin_log (admin_id, event, operation_time
      )
    values (#{adminId,jdbcType=INTEGER}, #{event,jdbcType=VARCHAR}, #{operationTime,jdbcType=TIMESTAMP}
      )
  </insert>
  <insert id="insertSelective" parameterType="com.fic.service.entity.AdminLog">
    insert into admin_log
    <trim prefix="(" suffix=")" suffixOverrides=",">
      <if test="adminId != null">
        admin_id,
      </if>
      <if test="event != null">
        event,
      </if>
      <if test="operationTime != null">
        operation_time,
      </if>
    </trim>
    <trim prefix="values (" suffix=")" suffixOverrides=",">
      <if test="adminId != null">
        #{adminId,jdbcType=INTEGER},
      </if>
      <if test="event != null">
        #{event,jdbcType=VARCHAR},
      </if>
      <if test="operationTime != null">
        #{operationTime,jdbcType=TIMESTAMP},
      </if>
    </trim>
  </insert>
</mapper>