<?xml version="1.0" encoding="UTF-8"?>
<!DOCTYPE mapper PUBLIC "-//mybatis.org//DTD Mapper 3.0//EN" "http://mybatis.org/dtd/mybatis-3-mapper.dtd">
<mapper namespace="com.fic.service.mapper.AppVersionMapper">
  <resultMap id="BaseResultMap" type="com.fic.service.entity.AppVersion">
    <id column="id" jdbcType="INTEGER" property="id" />
    <result column="version" jdbcType="VARCHAR" property="version" />
    <result column="device_type" jdbcType="TINYINT" property="deviceType" />
    <result column="created_time" jdbcType="TIMESTAMP" property="createdTime" />
    <result column="updated_time" jdbcType="TIMESTAMP" property="updatedTime" />
  </resultMap>
  <sql id="Base_Column_List">
    id, version, device_type, created_time, updated_time
  </sql>
  <select id="selectByPrimaryKey" parameterType="java.lang.Integer" resultMap="BaseResultMap">
    select 
    <include refid="Base_Column_List" />
    from app_version
    where id = #{id,jdbcType=INTEGER}
  </select>
  <delete id="deleteByPrimaryKey" parameterType="java.lang.Integer">
    delete from app_version
    where id = #{id,jdbcType=INTEGER}
  </delete>
  <insert id="insert" parameterType="com.fic.service.entity.AppVersion">
    insert into app_version (id, version, device_type, 
      created_time, updated_time)
    values (#{id,jdbcType=INTEGER}, #{version,jdbcType=VARCHAR}, #{deviceType,jdbcType=TINYINT}, 
      #{createdTime,jdbcType=TIMESTAMP}, #{updatedTime,jdbcType=TIMESTAMP})
  </insert>
  <insert id="insertSelective" parameterType="com.fic.service.entity.AppVersion">
    insert into app_version
    <trim prefix="(" suffix=")" suffixOverrides=",">
      <if test="id != null">
        id,
      </if>
      <if test="version != null">
        version,
      </if>
      <if test="deviceType != null">
        device_type,
      </if>
      <if test="createdTime != null">
        created_time,
      </if>
      <if test="updatedTime != null">
        updated_time,
      </if>
    </trim>
    <trim prefix="values (" suffix=")" suffixOverrides=",">
      <if test="id != null">
        #{id,jdbcType=INTEGER},
      </if>
      <if test="version != null">
        #{version,jdbcType=VARCHAR},
      </if>
      <if test="deviceType != null">
        #{deviceType,jdbcType=TINYINT},
      </if>
      <if test="createdTime != null">
        #{createdTime,jdbcType=TIMESTAMP},
      </if>
      <if test="updatedTime != null">
        #{updatedTime,jdbcType=TIMESTAMP},
      </if>
    </trim>
  </insert>
  <update id="updateByPrimaryKeySelective" parameterType="com.fic.service.entity.AppVersion">
    update app_version
    <set>
      <if test="version != null">
        version = #{version,jdbcType=VARCHAR},
      </if>
      <if test="deviceType != null">
        device_type = #{deviceType,jdbcType=TINYINT},
      </if>
      <if test="createdTime != null">
        created_time = #{createdTime,jdbcType=TIMESTAMP},
      </if>
      <if test="updatedTime != null">
        updated_time = #{updatedTime,jdbcType=TIMESTAMP},
      </if>
    </set>
    where id = #{id,jdbcType=INTEGER}
  </update>
  <update id="updateByPrimaryKey" parameterType="com.fic.service.entity.AppVersion">
    update app_version
    set version = #{version,jdbcType=VARCHAR},
      device_type = #{deviceType,jdbcType=TINYINT},
      created_time = #{createdTime,jdbcType=TIMESTAMP},
      updated_time = #{updatedTime,jdbcType=TIMESTAMP}
    where id = #{id,jdbcType=INTEGER}
  </update>
  <select id="findByDeviceType" resultMap="BaseResultMap">
    select * from app_version where device_type=#{deviceType} group by created_time desc limit 0,1;
  </select>
</mapper>