<?xml version="1.0" encoding="UTF-8"?>
<!DOCTYPE mapper PUBLIC "-//mybatis.org//DTD Mapper 3.0//EN" "http://mybatis.org/dtd/mybatis-3-mapper.dtd">
<mapper namespace="com.fic.service.mapper.AuthorityMapper">
  <resultMap id="BaseResultMap" type="com.fic.service.entity.Authority">
    <id column="id" jdbcType="INTEGER" property="id" />
    <result column="name" jdbcType="VARCHAR" property="name" />
    <result column="description" jdbcType="VARCHAR" property="description" />
    <result column="created_time" jdbcType="TIMESTAMP" property="createdTime" />
    <result column="created_by" jdbcType="INTEGER" property="createdBy" />
    <result column="updated_time" jdbcType="TIMESTAMP" property="updatedTime" />
    <result column="updated_by" jdbcType="INTEGER" property="updatedBy" />
  </resultMap>
  <resultMap id="authorityCascadePermission" type="com.fic.service.entity.Authority">
    <id column="id" jdbcType="INTEGER" property="id" />
    <result column="name" jdbcType="VARCHAR" property="name" />
    <result column="description" jdbcType="VARCHAR" property="description" />
    <result column="created_time" jdbcType="TIMESTAMP" property="createdTime" />
    <result column="created_by" jdbcType="INTEGER" property="createdBy" />
    <result column="updated_time" jdbcType="TIMESTAMP" property="updatedTime" />
    <result column="updated_by" jdbcType="INTEGER" property="updatedBy" />
    <collection property="permissions" ofType="com.fic.service.entity.Permission"
                column="id" javaType="java.util.HashSet"
                fetchType="lazy" select="getPermissionByAuthority">
    </collection>
  </resultMap>
  <resultMap id="permissionByAuthorityMap" type="com.fic.service.entity.Permission">
    <id column="id" jdbcType="INTEGER" property="id" />
    <result column="name" jdbcType="VARCHAR" property="name" />
    <result column="url" jdbcType="VARCHAR" property="url" />
    <result column="created_time" jdbcType="TIMESTAMP" property="createdTime" />
    <result column="created_by" jdbcType="INTEGER" property="createdBy" />
    <result column="updated_time" jdbcType="TIMESTAMP" property="updatedTime" />
    <result column="updated_by" jdbcType="INTEGER" property="updatedBy" />
  </resultMap>
  <sql id="Base_Column_List">
    id, name, description, created_time, created_by, updated_time, updated_by
  </sql>
  <select id="selectByPrimaryKey" parameterType="java.lang.Integer" resultMap="BaseResultMap">
    select 
    <include refid="Base_Column_List" />
    from authority
    where id = #{id,jdbcType=INTEGER}
  </select>
  <delete id="deleteByPrimaryKey" parameterType="java.lang.Integer">
    delete from authority
    where id = #{id,jdbcType=INTEGER}
  </delete>
  <insert id="insert" parameterType="com.fic.service.entity.Authority">
    insert into authority (id, name, description, 
      created_time, created_by, updated_time, 
      updated_by)
    values (#{id,jdbcType=INTEGER}, #{name,jdbcType=VARCHAR}, #{description,jdbcType=VARCHAR}, 
      #{createdTime,jdbcType=TIMESTAMP}, #{createdBy,jdbcType=INTEGER}, #{updatedTime,jdbcType=TIMESTAMP}, 
      #{updatedBy,jdbcType=INTEGER})
  </insert>
  <insert id="insertSelective" parameterType="com.fic.service.entity.Authority">
    insert into authority
    <trim prefix="(" suffix=")" suffixOverrides=",">
      <if test="id != null">
        id,
      </if>
      <if test="name != null">
        name,
      </if>
      <if test="description != null">
        description,
      </if>
      <if test="createdTime != null">
        created_time,
      </if>
      <if test="createdBy != null">
        created_by,
      </if>
      <if test="updatedTime != null">
        updated_time,
      </if>
      <if test="updatedBy != null">
        updated_by,
      </if>
    </trim>
    <trim prefix="values (" suffix=")" suffixOverrides=",">
      <if test="id != null">
        #{id,jdbcType=INTEGER},
      </if>
      <if test="name != null">
        #{name,jdbcType=VARCHAR},
      </if>
      <if test="description != null">
        #{description,jdbcType=VARCHAR},
      </if>
      <if test="createdTime != null">
        #{createdTime,jdbcType=TIMESTAMP},
      </if>
      <if test="createdBy != null">
        #{createdBy,jdbcType=INTEGER},
      </if>
      <if test="updatedTime != null">
        #{updatedTime,jdbcType=TIMESTAMP},
      </if>
      <if test="updatedBy != null">
        #{updatedBy,jdbcType=INTEGER},
      </if>
    </trim>
  </insert>
  <update id="updateByPrimaryKeySelective" parameterType="com.fic.service.entity.Authority">
    update authority
    <set>
      <if test="name != null">
        name = #{name,jdbcType=VARCHAR},
      </if>
      <if test="description != null">
        description = #{description,jdbcType=VARCHAR},
      </if>
      <if test="createdTime != null">
        created_time = #{createdTime,jdbcType=TIMESTAMP},
      </if>
      <if test="createdBy != null">
        created_by = #{createdBy,jdbcType=INTEGER},
      </if>
      <if test="updatedTime != null">
        updated_time = #{updatedTime,jdbcType=TIMESTAMP},
      </if>
      <if test="updatedBy != null">
        updated_by = #{updatedBy,jdbcType=INTEGER},
      </if>
    </set>
    where id = #{id,jdbcType=INTEGER}
  </update>
  <update id="updateByPrimaryKey" parameterType="com.fic.service.entity.Authority">
    update authority
    set name = #{name,jdbcType=VARCHAR},
      description = #{description,jdbcType=VARCHAR},
      created_time = #{createdTime,jdbcType=TIMESTAMP},
      created_by = #{createdBy,jdbcType=INTEGER},
      updated_time = #{updatedTime,jdbcType=TIMESTAMP},
      updated_by = #{updatedBy,jdbcType=INTEGER}
    where id = #{id,jdbcType=INTEGER}
  </update>
  <select id="findAll" resultMap="authorityCascadePermission">
    select * from authority;
  </select>
  <select id="findByUsername" resultMap="authorityCascadePermission">
    select * from authority a
      left join authority_user au on a.id = au.auth_id
      left join admin_user u on au.uid = u.id
      where u.user_name = #{username,jdbcType=VARCHAR}
  </select>
  <select id="getPermissionByAuthority"  resultMap="permissionByAuthorityMap">
    select * from permission p
      left join permission_auth pa on pa.permission_id = p.id
      left join authority a on pa.auth_id = a.id
      where a.id = #{id,jdbcType=INTEGER}
  </select>
</mapper>