<?xml version="1.0" encoding="UTF-8"?>
<!DOCTYPE mapper PUBLIC "-//mybatis.org//DTD Mapper 3.0//EN" "http://mybatis.org/dtd/mybatis-3-mapper.dtd">
<mapper namespace="com.fic.service.mapper.InvestDetailMapper">
  <resultMap id="BaseResultMap" type="com.fic.service.entity.InvestDetail">
    <id column="invest_detail_id" jdbcType="INTEGER" property="investDetailId" />
    <result column="invest_id" jdbcType="INTEGER" property="investId" />
    <result column="user_id" jdbcType="INTEGER" property="userId" />
    <result column="movie_id" jdbcType="INTEGER" property="movieId" />
    <result column="amount" jdbcType="DECIMAL" property="amount" />
    <result column="ob_time" jdbcType="TIMESTAMP" property="obTime" />
    <result column="in_time" jdbcType="TIMESTAMP" property="inTime" />
    <result column="invest_detail_code" jdbcType="VARCHAR" property="investDetailCode" />
    <result column="created_time" jdbcType="TIMESTAMP" property="createdTime" />
    <result column="created_by" jdbcType="INTEGER" property="createdBy" />
    <result column="updated_time" jdbcType="TIMESTAMP" property="updatedTime" />
    <result column="updated_by" jdbcType="INTEGER" property="updatedBy" />
  </resultMap>
  <sql id="Base_Column_List">
    invest_detail_id, invest_id, user_id, movie_id, amount, ob_time, in_time, invest_detail_code, 
    created_time, created_by, updated_time, updated_by
  </sql>
  <select id="selectByPrimaryKey" parameterType="java.lang.Integer" resultMap="BaseResultMap">
    select 
    <include refid="Base_Column_List" />
    from invest_detail
    where invest_detail_id = #{investDetailId,jdbcType=INTEGER}
  </select>
  <delete id="deleteByPrimaryKey" parameterType="java.lang.Integer">
    delete from invest_detail
    where invest_detail_id = #{investDetailId,jdbcType=INTEGER}
  </delete>
  <insert id="insert" parameterType="com.fic.service.entity.InvestDetail">
    insert into invest_detail (invest_detail_id, invest_id, user_id, 
      movie_id, amount, ob_time, 
      in_time, invest_detail_code, created_time, 
      created_by, updated_time, updated_by
      )
    values (#{investDetailId,jdbcType=INTEGER}, #{investId,jdbcType=INTEGER}, #{userId,jdbcType=INTEGER}, 
      #{movieId,jdbcType=INTEGER}, #{amount,jdbcType=DECIMAL}, #{obTime,jdbcType=TIMESTAMP}, 
      #{inTime,jdbcType=TIMESTAMP}, #{investDetailCode,jdbcType=VARCHAR}, #{createdTime,jdbcType=TIMESTAMP}, 
      #{createdBy,jdbcType=INTEGER}, #{updatedTime,jdbcType=TIMESTAMP}, #{updatedBy,jdbcType=INTEGER}
      )
  </insert>
  <insert id="insertSelective" parameterType="com.fic.service.entity.InvestDetail">
    insert into invest_detail
    <trim prefix="(" suffix=")" suffixOverrides=",">
      <if test="investDetailId != null">
        invest_detail_id,
      </if>
      <if test="investId != null">
        invest_id,
      </if>
      <if test="userId != null">
        user_id,
      </if>
      <if test="movieId != null">
        movie_id,
      </if>
      <if test="amount != null">
        amount,
      </if>
      <if test="obTime != null">
        ob_time,
      </if>
      <if test="inTime != null">
        in_time,
      </if>
      <if test="investDetailCode != null">
        invest_detail_code,
      </if>
      <if test="createdTime != null">
        created_time,
      </if>
      <if test="createdBy != null">
        created_by,
      </if>
      <if test="updatedTime != null">
        updated_time,
      </if>
      <if test="updatedBy != null">
        updated_by,
      </if>
    </trim>
    <trim prefix="values (" suffix=")" suffixOverrides=",">
      <if test="investDetailId != null">
        #{investDetailId,jdbcType=INTEGER},
      </if>
      <if test="investId != null">
        #{investId,jdbcType=INTEGER},
      </if>
      <if test="userId != null">
        #{userId,jdbcType=INTEGER},
      </if>
      <if test="movieId != null">
        #{movieId,jdbcType=INTEGER},
      </if>
      <if test="amount != null">
        #{amount,jdbcType=DECIMAL},
      </if>
      <if test="obTime != null">
        #{obTime,jdbcType=TIMESTAMP},
      </if>
      <if test="inTime != null">
        #{inTime,jdbcType=TIMESTAMP},
      </if>
      <if test="investDetailCode != null">
        #{investDetailCode,jdbcType=VARCHAR},
      </if>
      <if test="createdTime != null">
        #{createdTime,jdbcType=TIMESTAMP},
      </if>
      <if test="createdBy != null">
        #{createdBy,jdbcType=INTEGER},
      </if>
      <if test="updatedTime != null">
        #{updatedTime,jdbcType=TIMESTAMP},
      </if>
      <if test="updatedBy != null">
        #{updatedBy,jdbcType=INTEGER},
      </if>
    </trim>
  </insert>
  <update id="updateByPrimaryKeySelective" parameterType="com.fic.service.entity.InvestDetail">
    update invest_detail
    <set>
      <if test="investId != null">
        invest_id = #{investId,jdbcType=INTEGER},
      </if>
      <if test="userId != null">
        user_id = #{userId,jdbcType=INTEGER},
      </if>
      <if test="movieId != null">
        movie_id = #{movieId,jdbcType=INTEGER},
      </if>
      <if test="amount != null">
        amount = #{amount,jdbcType=DECIMAL},
      </if>
      <if test="obTime != null">
        ob_time = #{obTime,jdbcType=TIMESTAMP},
      </if>
      <if test="inTime != null">
        in_time = #{inTime,jdbcType=TIMESTAMP},
      </if>
      <if test="investDetailCode != null">
        invest_detail_code = #{investDetailCode,jdbcType=VARCHAR},
      </if>
      <if test="createdTime != null">
        created_time = #{createdTime,jdbcType=TIMESTAMP},
      </if>
      <if test="createdBy != null">
        created_by = #{createdBy,jdbcType=INTEGER},
      </if>
      <if test="updatedTime != null">
        updated_time = #{updatedTime,jdbcType=TIMESTAMP},
      </if>
      <if test="updatedBy != null">
        updated_by = #{updatedBy,jdbcType=INTEGER},
      </if>
    </set>
    where invest_detail_id = #{investDetailId,jdbcType=INTEGER}
  </update>
  <update id="updateByPrimaryKey" parameterType="com.fic.service.entity.InvestDetail">
    update invest_detail
    set invest_id = #{investId,jdbcType=INTEGER},
      user_id = #{userId,jdbcType=INTEGER},
      movie_id = #{movieId,jdbcType=INTEGER},
      amount = #{amount,jdbcType=DECIMAL},
      ob_time = #{obTime,jdbcType=TIMESTAMP},
      in_time = #{inTime,jdbcType=TIMESTAMP},
      invest_detail_code = #{investDetailCode,jdbcType=VARCHAR},
      created_time = #{createdTime,jdbcType=TIMESTAMP},
      created_by = #{createdBy,jdbcType=INTEGER},
      updated_time = #{updatedTime,jdbcType=TIMESTAMP},
      updated_by = #{updatedBy,jdbcType=INTEGER}
    where invest_detail_id = #{investDetailId,jdbcType=INTEGER}
  </update>
  <select id="findByUserId" resultMap="BaseResultMap">
    select * from invest_detail where user_id = #{userId} group by created_time asc;
  </select>
  <select id="countInvestPeople" resultType="int">
    select DISTINCT user_id from invest_detail where movie_id=#{movieId} group by user_id;
  </select>
  <select id="sumTotalInvestByMovieId" resultType="java.math.BigDecimal">
    select sum(amount) from invest_detail where movie_id = #{movieId}
  </select>
</mapper>