<?xml version="1.0" encoding="UTF-8"?>
<!DOCTYPE mapper PUBLIC "-//mybatis.org//DTD Mapper 3.0//EN" "http://mybatis.org/dtd/mybatis-3-mapper.dtd">
<mapper namespace="com.fic.service.mapper.MovieMapper">
  <resultMap id="BaseResultMap" type="com.fic.service.entity.Movie">
    <id column="movie_id" jdbcType="INTEGER" property="movieId" />
    <result column="movie_name" jdbcType="VARCHAR" property="movieName" />
    <result column="movie_remark" jdbcType="VARCHAR" property="movieRemark" />
    <result column="created_time" jdbcType="TIMESTAMP" property="createdTime" />
    <result column="created_by" jdbcType="INTEGER" property="createdBy" />
    <result column="updated_time" jdbcType="TIMESTAMP" property="updatedTime" />
    <result column="updated_by" jdbcType="INTEGER" property="updatedBy" />
  </resultMap>
  <resultMap extends="BaseResultMap" id="ResultMapWithBLOBs" type="com.fic.service.entity.Movie">
    <result column="movie_note" jdbcType="LONGVARCHAR" property="movieNote" />
  </resultMap>
  <sql id="Base_Column_List">
    movie_id, movie_name, movie_remark, created_time, created_by, updated_time, updated_by
  </sql>
  <sql id="Blob_Column_List">
    movie_note
  </sql>
  <select id="selectByPrimaryKey" parameterType="java.lang.Integer" resultMap="ResultMapWithBLOBs">
    select 
    <include refid="Base_Column_List" />
    ,
    <include refid="Blob_Column_List" />
    from movie
    where movie_id = #{movieId,jdbcType=INTEGER}
  </select>
  <delete id="deleteByPrimaryKey" parameterType="java.lang.Integer">
    delete from movie
    where movie_id = #{movieId,jdbcType=INTEGER}
  </delete>
  <insert id="insert" parameterType="com.fic.service.entity.Movie">
    insert into movie (movie_id, movie_name, movie_remark, 
      created_time, created_by, updated_time, 
      updated_by, movie_note)
    values (#{movieId,jdbcType=INTEGER}, #{movieName,jdbcType=VARCHAR}, #{movieRemark,jdbcType=VARCHAR}, 
      #{createdTime,jdbcType=TIMESTAMP}, #{createdBy,jdbcType=INTEGER}, #{updatedTime,jdbcType=TIMESTAMP}, 
      #{updatedBy,jdbcType=INTEGER}, #{movieNote,jdbcType=LONGVARCHAR})
  </insert>
  <insert id="insertSelective" parameterType="com.fic.service.entity.Movie">
    insert into movie
    <trim prefix="(" suffix=")" suffixOverrides=",">
      <if test="movieId != null">
        movie_id,
      </if>
      <if test="movieName != null">
        movie_name,
      </if>
      <if test="movieRemark != null">
        movie_remark,
      </if>
      <if test="createdTime != null">
        created_time,
      </if>
      <if test="createdBy != null">
        created_by,
      </if>
      <if test="updatedTime != null">
        updated_time,
      </if>
      <if test="updatedBy != null">
        updated_by,
      </if>
      <if test="movieNote != null">
        movie_note,
      </if>
    </trim>
    <trim prefix="values (" suffix=")" suffixOverrides=",">
      <if test="movieId != null">
        #{movieId,jdbcType=INTEGER},
      </if>
      <if test="movieName != null">
        #{movieName,jdbcType=VARCHAR},
      </if>
      <if test="movieRemark != null">
        #{movieRemark,jdbcType=VARCHAR},
      </if>
      <if test="createdTime != null">
        #{createdTime,jdbcType=TIMESTAMP},
      </if>
      <if test="createdBy != null">
        #{createdBy,jdbcType=INTEGER},
      </if>
      <if test="updatedTime != null">
        #{updatedTime,jdbcType=TIMESTAMP},
      </if>
      <if test="updatedBy != null">
        #{updatedBy,jdbcType=INTEGER},
      </if>
      <if test="movieNote != null">
        #{movieNote,jdbcType=LONGVARCHAR},
      </if>
    </trim>
  </insert>
  <update id="updateByPrimaryKeySelective" parameterType="com.fic.service.entity.Movie">
    update movie
    <set>
      <if test="movieName != null">
        movie_name = #{movieName,jdbcType=VARCHAR},
      </if>
      <if test="movieRemark != null">
        movie_remark = #{movieRemark,jdbcType=VARCHAR},
      </if>
      <if test="createdTime != null">
        created_time = #{createdTime,jdbcType=TIMESTAMP},
      </if>
      <if test="createdBy != null">
        created_by = #{createdBy,jdbcType=INTEGER},
      </if>
      <if test="updatedTime != null">
        updated_time = #{updatedTime,jdbcType=TIMESTAMP},
      </if>
      <if test="updatedBy != null">
        updated_by = #{updatedBy,jdbcType=INTEGER},
      </if>
      <if test="movieNote != null">
        movie_note = #{movieNote,jdbcType=LONGVARCHAR},
      </if>
    </set>
    where movie_id = #{movieId,jdbcType=INTEGER}
  </update>
  <update id="updateByPrimaryKeyWithBLOBs" parameterType="com.fic.service.entity.Movie">
    update movie
    set movie_name = #{movieName,jdbcType=VARCHAR},
      movie_remark = #{movieRemark,jdbcType=VARCHAR},
      created_time = #{createdTime,jdbcType=TIMESTAMP},
      created_by = #{createdBy,jdbcType=INTEGER},
      updated_time = #{updatedTime,jdbcType=TIMESTAMP},
      updated_by = #{updatedBy,jdbcType=INTEGER},
      movie_note = #{movieNote,jdbcType=LONGVARCHAR}
    where movie_id = #{movieId,jdbcType=INTEGER}
  </update>
  <update id="updateByPrimaryKey" parameterType="com.fic.service.entity.Movie">
    update movie
    set movie_name = #{movieName,jdbcType=VARCHAR},
      movie_remark = #{movieRemark,jdbcType=VARCHAR},
      created_time = #{createdTime,jdbcType=TIMESTAMP},
      created_by = #{createdBy,jdbcType=INTEGER},
      updated_time = #{updatedTime,jdbcType=TIMESTAMP},
      updated_by = #{updatedBy,jdbcType=INTEGER}
    where movie_id = #{movieId,jdbcType=INTEGER}
  </update>
  <select id="findAll" resultMap="BaseResultMap">
    select * from movie where 1=1;
  </select>
</mapper>