<?xml version="1.0" encoding="UTF-8"?>
<!DOCTYPE mapper PUBLIC "-//mybatis.org//DTD Mapper 3.0//EN" "http://mybatis.org/dtd/mybatis-3-mapper.dtd">
<mapper namespace="com.fic.service.mapper.TokenBaseMapper">
  <resultMap id="BaseResultMap" type="com.fic.service.entity.TokenBase">
    <id column="user_id" jdbcType="INTEGER" property="userId" />
    <result column="token_value" jdbcType="VARCHAR" property="tokenValue" />
    <result column="token_date" jdbcType="TIMESTAMP" property="tokenDate" />
    <result column="ip_address" jdbcType="VARCHAR" property="ipAddress" />
    <result column="user_agent" jdbcType="VARCHAR" property="userAgent" />
  </resultMap>
  <sql id="Base_Column_List">
    user_id, token_value, token_date, ip_address, user_agent
  </sql>
  <select id="selectByPrimaryKey" parameterType="java.lang.Integer" resultMap="BaseResultMap">
    select 
    <include refid="Base_Column_List" />
    from token_base
    where user_id = #{userId,jdbcType=INTEGER}
  </select>
  <delete id="deleteByPrimaryKey" parameterType="java.lang.Integer">
    delete from token_base
    where user_id = #{userId,jdbcType=INTEGER}
  </delete>
  <insert id="insert" parameterType="com.fic.service.entity.TokenBase">
    insert into token_base (user_id, token_value, token_date, 
      ip_address, user_agent)
    values (#{userId,jdbcType=INTEGER}, #{tokenValue,jdbcType=VARCHAR}, #{tokenDate,jdbcType=TIMESTAMP}, 
      #{ipAddress,jdbcType=VARCHAR}, #{userAgent,jdbcType=VARCHAR})
  </insert>
  <insert id="insertSelective" parameterType="com.fic.service.entity.TokenBase">
    insert into token_base
    <trim prefix="(" suffix=")" suffixOverrides=",">
      <if test="userId != null">
        user_id,
      </if>
      <if test="tokenValue != null">
        token_value,
      </if>
      <if test="tokenDate != null">
        token_date,
      </if>
      <if test="ipAddress != null">
        ip_address,
      </if>
      <if test="userAgent != null">
        user_agent,
      </if>
    </trim>
    <trim prefix="values (" suffix=")" suffixOverrides=",">
      <if test="userId != null">
        #{userId,jdbcType=INTEGER},
      </if>
      <if test="tokenValue != null">
        #{tokenValue,jdbcType=VARCHAR},
      </if>
      <if test="tokenDate != null">
        #{tokenDate,jdbcType=TIMESTAMP},
      </if>
      <if test="ipAddress != null">
        #{ipAddress,jdbcType=VARCHAR},
      </if>
      <if test="userAgent != null">
        #{userAgent,jdbcType=VARCHAR},
      </if>
    </trim>
  </insert>
  <update id="updateByPrimaryKeySelective" parameterType="com.fic.service.entity.TokenBase">
    update token_base
    <set>
      <if test="tokenValue != null">
        token_value = #{tokenValue,jdbcType=VARCHAR},
      </if>
      <if test="tokenDate != null">
        token_date = #{tokenDate,jdbcType=TIMESTAMP},
      </if>
      <if test="ipAddress != null">
        ip_address = #{ipAddress,jdbcType=VARCHAR},
      </if>
      <if test="userAgent != null">
        user_agent = #{userAgent,jdbcType=VARCHAR},
      </if>
    </set>
    where user_id = #{userId,jdbcType=INTEGER}
  </update>
  <update id="updateByPrimaryKey" parameterType="com.fic.service.entity.TokenBase">
    update token_base
    set token_value = #{tokenValue,jdbcType=VARCHAR},
      token_date = #{tokenDate,jdbcType=TIMESTAMP},
      ip_address = #{ipAddress,jdbcType=VARCHAR},
      user_agent = #{userAgent,jdbcType=VARCHAR}
    where user_id = #{userId,jdbcType=INTEGER}
  </update>
  <select id="findByTokenValue" resultMap="BaseResultMap">
    select * from token_base where token_value = #{token}
  </select>
  <delete id="deleteByTokenValue">
    delete from token_base where token_value = #{token}
  </delete>
</mapper>