<?xml version="1.0" encoding="UTF-8"?>
<!DOCTYPE mapper PUBLIC "-//mybatis.org//DTD Mapper 3.0//EN" "http://mybatis.org/dtd/mybatis-3-mapper.dtd">
<mapper namespace="com.fic.service.mapper.UserFriendMapper">
  <resultMap id="BaseResultMap" type="com.fic.service.entity.UserFriend">
    <id column="user_friend_id" jdbcType="INTEGER" property="userFriendId" />
    <result column="user_id" jdbcType="INTEGER" property="userId" />
    <result column="f_user_id" jdbcType="INTEGER" property="fUserId" />
    <result column="created_time" jdbcType="TIMESTAMP" property="createdTime" />
    <result column="created_by" jdbcType="INTEGER" property="createdBy" />
    <result column="updated_time" jdbcType="TIMESTAMP" property="updatedTime" />
    <result column="updated_by" jdbcType="INTEGER" property="updatedBy" />
  </resultMap>
  <sql id="Base_Column_List">
    user_friend_id, user_id, f_user_id, created_time, created_by, updated_time, updated_by
  </sql>
  <select id="selectByPrimaryKey" parameterType="java.lang.Integer" resultMap="BaseResultMap">
    select 
    <include refid="Base_Column_List" />
    from user_friend
    where user_friend_id = #{userFriendId,jdbcType=INTEGER}
  </select>
  <delete id="deleteByPrimaryKey" parameterType="java.lang.Integer">
    delete from user_friend
    where user_friend_id = #{userFriendId,jdbcType=INTEGER}
  </delete>
  <insert id="insert" parameterType="com.fic.service.entity.UserFriend">
    insert into user_friend (user_friend_id, user_id, f_user_id, 
      created_time, created_by, updated_time, 
      updated_by)
    values (#{userFriendId,jdbcType=INTEGER}, #{userId,jdbcType=INTEGER}, #{fUserId,jdbcType=INTEGER}, 
      #{createdTime,jdbcType=TIMESTAMP}, #{createdBy,jdbcType=INTEGER}, #{updatedTime,jdbcType=TIMESTAMP}, 
      #{updatedBy,jdbcType=INTEGER})
  </insert>
  <insert id="insertSelective" parameterType="com.fic.service.entity.UserFriend">
    insert into user_friend
    <trim prefix="(" suffix=")" suffixOverrides=",">
      <if test="userFriendId != null">
        user_friend_id,
      </if>
      <if test="userId != null">
        user_id,
      </if>
      <if test="fUserId != null">
        f_user_id,
      </if>
      <if test="createdTime != null">
        created_time,
      </if>
      <if test="createdBy != null">
        created_by,
      </if>
      <if test="updatedTime != null">
        updated_time,
      </if>
      <if test="updatedBy != null">
        updated_by,
      </if>
    </trim>
    <trim prefix="values (" suffix=")" suffixOverrides=",">
      <if test="userFriendId != null">
        #{userFriendId,jdbcType=INTEGER},
      </if>
      <if test="userId != null">
        #{userId,jdbcType=INTEGER},
      </if>
      <if test="fUserId != null">
        #{fUserId,jdbcType=INTEGER},
      </if>
      <if test="createdTime != null">
        #{createdTime,jdbcType=TIMESTAMP},
      </if>
      <if test="createdBy != null">
        #{createdBy,jdbcType=INTEGER},
      </if>
      <if test="updatedTime != null">
        #{updatedTime,jdbcType=TIMESTAMP},
      </if>
      <if test="updatedBy != null">
        #{updatedBy,jdbcType=INTEGER},
      </if>
    </trim>
  </insert>
  <update id="updateByPrimaryKeySelective" parameterType="com.fic.service.entity.UserFriend">
    update user_friend
    <set>
      <if test="userId != null">
        user_id = #{userId,jdbcType=INTEGER},
      </if>
      <if test="fUserId != null">
        f_user_id = #{fUserId,jdbcType=INTEGER},
      </if>
      <if test="createdTime != null">
        created_time = #{createdTime,jdbcType=TIMESTAMP},
      </if>
      <if test="createdBy != null">
        created_by = #{createdBy,jdbcType=INTEGER},
      </if>
      <if test="updatedTime != null">
        updated_time = #{updatedTime,jdbcType=TIMESTAMP},
      </if>
      <if test="updatedBy != null">
        updated_by = #{updatedBy,jdbcType=INTEGER},
      </if>
    </set>
    where user_friend_id = #{userFriendId,jdbcType=INTEGER}
  </update>
  <update id="updateByPrimaryKey" parameterType="com.fic.service.entity.UserFriend">
    update user_friend
    set user_id = #{userId,jdbcType=INTEGER},
      f_user_id = #{fUserId,jdbcType=INTEGER},
      created_time = #{createdTime,jdbcType=TIMESTAMP},
      created_by = #{createdBy,jdbcType=INTEGER},
      updated_time = #{updatedTime,jdbcType=TIMESTAMP},
      updated_by = #{updatedBy,jdbcType=INTEGER}
    where user_friend_id = #{userFriendId,jdbcType=INTEGER}
  </update>
</mapper>